AMD,CSCO,QCOM
120.62,47.755,129.47
119.83,48.04,128.7
118,53.28,128.92
119.88,53.17,127.36
116.79,52.23,123.85
118.59,52.59,124.21
113.49,52,120.1
113.59,53,120.06
113.45,53.13,120.72
111.75,53.29,119.93
112.25,53.01,119.52
107.83,52.75,117.36
108.04,52.19,110.89
98.5,52.13,108.99
96.18,51.57,107.83
96.43,51.56,106.46
93.67,51.37,105.62
96.055,52.4,104.78
101.67,53.01,109.39
100.01,52.2,108.66
101.81,52.93,108.63
102.4,53.32,111.28
102.17,53.77,110.98
105.14,53.94,112.2
106.46,54.16,110.51
105.09,53.77,108.66
108.79,53.85,111.455
108.31,53.66,111.12
109.01,53.87,112.31
106.97,53.92,111.8
107.24,53.45,110.88
102.91,53.07,109.8
104.07,53.45,109.85
100.08,53.65,110.19
103.27,54.39,111.1
102.82,53.76,111.06
102.76,53.88,111.1
98.07,53.2,109.19
95.96,52.71,109.72
97.38,53.48,110.43
96.2,53.57,107.68
96.11,53.34,107.96
100.34,55.5,109.22
101.61,55.84,110.72
102.37,56.11,112.75
101.49,56.04,113.14
106.63,56.37,114.04
107.71,56.28,112.64
105.31,56.39,111.23
105.32,56.84,110.28
106.09,56.67,106.14
106.59,56.79,106.4
109.28,57.16,114.68
110.78,57.26,116.55
109.45,57.84,115.385
105.72,57.35,114.53
106.59,56.81,113.27
105.92,56.56,113.78
102.61,56.2,111.68
102.25,55.7,110.32
101.8,55.24,108.51
109.43,55.98,111.17
105.66,55.46,109.47
108.22,55.44,110.68
105.45,55.04,110.1
104.44,54.73,110.08
107.19,52.96,110.15
111.35,53.35,111.68
111.98,53.88,114.02
107.57,53.79,114.61
110.23,53.37,115.61
110.47,52.99,116.57
113.23,53.06,117.66
116.81,53.01,119.34
115.82,52.63,121.5
113.15,53.15,118.7
109.35,52.58,129.27
117.6,52.66,132.08
114.4,52.04,132.17
112.96,52.09,129.48
111.1,53,125.85
110.09,53.22,124.02
113,53.6,125.07
110.61,53.11,124.1
110.95,52.63,124.72
110.25,52.37,120.72
116.43,52.43,124.42
117.93,51.24,122.86
118.32,50.81,123.4
115.94,50.38,122.56
115.92,51.53,123.12
114.58,50.74,118.68
111.32,52.12,116.87
113.58,51.4,117.12
113.17,50.99,115.94
113.48,51.11,115.22
113.95,51.51,117.13
115.82,51.82,120.09
113.91,51.74,119.04
111.24,51.21,118.06
110.17,50.87,117.54
110.39,50.86,119.79
107.51,50.21,116.63
110.01,50.33,113.43
110.7,51.12,116.4
112.11,50.85,115.76
118.93,51.55,119.82
120.08,52.07,122.68
124.24,51.93,123.61
127.33,50.96,123.4
124.53,50.8,124.43
129.19,50.48,122.14
124.92,49.66,119.11
121.05,49.68,116.35
117.83,49.78,115.18
124.23,49.81,116.36
117.93,50.21,112.73
117.86,50.02,115.62
119.47,49.74,115.83
118.21,49.67,113.41
125.27,50.17,116
127.03,49.86,110.35
120.35,49.03,104.02
108.27,48.41,103.02
108.12,48.91,103.56
108,48.82,105.28
105.82,49.13,105.86
107.93,48.2,106.96
103.75,47.63,104.81
101.48,46.92,103.79
97.4,47.1,106.28
95.26,46.71,103.62
97.1,46.37,104.06
97.02,46.71,106.46
95.06,46.47,105.77
95.04,46.34,108.31
89.84,46.25,108.78
86.61,45.7,106.58
81.62,45.96,112.83
89.91,46.36,116.11
89.69,47.34,115.84
89.37,47.25,116.8
87.44,46.56,113.92
85.94,46.54,114.16
83.8,47.09,114.05
87.57,47.39,117.35
88.43,47.03,117.76
90.11,46.58,118.64
89.94,48.04,118.54
89.78,50.31,118.36
89.87,50.28,119.38
91.75,50.54,120.16
92.09,50.8,121.13
92.33,50.11,120.27
94.03,50.62,123.57
95.48,51.33,124.29
92.47,51.27,123
92.56,51.82,123.04
95.87,51.82,122.3
96.56,52.31,124.74
98.01,52.275,127.58
97.88,51.43,127.4
96.09,51.17,125.09
94.56,50.39,121.34
96.61,50.54,123.6
97.95,50.51,124.76
100.28,49.73,124.15
97.58,49.46,121.97
95.93,50.67,123.8
96.81,50.94,121.82
97.84,50.19,120.73
96.6,50.12,120.51
89.68,49.06,115.49
87.45,49.05,116.55
82.01,48.41,114.43
82.67,48.56,115.19
84.03,48.81,117.22
85.37,49.11,121.2
82.11,48.91,119.19
81.16,49.42,122.41
81.52,49.28,123.6
80.44,48.53,123.78
78.29,48.34,123.68
78.58,48.42,123.53
78.77,48.73,123.42
78.09,48.48,124.34
79.75,49.21,126.2
76.61,49.31,123.95
76.77,49.69,123.7
78.5,50.77,127.72
80.08,50.99,130.16
85.18,48.45,133.07
85.95,47.7,132.34
83.13,47.86,130.84
81.48,47.26,128.99
83.21,46.73,130.53
84.69,46.96,132.17
85.91,47.84,136.63
83.68,47.57,132.93
86.09,48.63,135.02
88.31,49.32,135.85
84.64,48.57,138.46
75.15,48.67,133.21
72.45,48.22,131.63
75.4,48.51,133.4
75.16,48.34,133.96
74.91,47.98,131.17
74.7,47.81,130.7
76.53,47.5,131.03
70.07,46.78,122.9
67.71,46.46,117.58
70.53,46.9,122.04
71.59,48.08,120.28
71,48.88,120.24
70.8,49,121.59
69.06,49.21,118.39
68.05,48.81,116.91
67.24,48.58,114.61
63.96,48.32,115.34
62.33,46.88,109.4
64.66,47.55,111.53
64.02,47.94,107.2
64.77,47.64,109.94
64.82,47.5,109.84
62.57,47.07,106.97
63.27,47.53,109.46
64.52,47.48,110.84
63.86,47.32,110.68
67.68,47.66,114.59
65.05,47.37,112.1
64.59,47.4,112.61
65.41,47.81,114.53
66.53,48.15,116.64
68.93,49.3,121.71
71.65,49.64,123.49
70.67,49.3,121.21
68.59,48.46,119.05
70.47,48.99,121.75
70.14,48.18,118.21
70.27,48.59,119.78
73.62,49.33,123.3
74.98,49.7,125.66
77.48,49.97,126.81
77.63,49.72,126.49
73.39,48.28,118.38
73.19,48.08,119.54
75.14,48.4,123.45
76.4,48.57,125.15
75.25,48.38,123.65
72.46,47.62,120.2
73.57,47.79,123.85
73.9,46.59,122.86
72.7,44.39,120.73
76.37,44.9,126.02
73.53,44.74,120.8
72.37,44.79,121.43
68.47,45.66,120.68
59.92,43.91,110.43
63.85,44.61,112.54
63.08,44.55,110.09
62.19,44.52,106.69
60.11,43.85,103.88
58.63,44.57,112.5
59.66,45.46,117.33
60.06,45.43,117.66
62.01,45.64,119.21
58.6,44.42,114.7
59.73,44.38,118.11
61.47,44.36,119.17
58.7,43.54,116.38
58.82,42.8,115.74
57.77,41.71,111.98
57.23,41.88,112.85
57.92,41.79,111.21
57.96,41.3,111.59
55.94,40.2,109.95
58.94,40.61,112.86
57.85,39.27,108.64
57.63,39.58,110.03
57.81,39.89,114.6
58.44,40.27,120.91
67.85,41.52,125.28
67.94,41.99,124.89
67.9,41.82,122.37
66.11,41.29,117.22
63.36,40,112.98
64.14,40.57,114.84
68.36,41.34,118.93
67.17,40.52,120.34
66.3,40.58,119.74
67.96,40.66,121.19
69.5,41.15,123.68
74.48,41.59,124.62
75.25,42.58,124.77
76.77,43.3,126.65
76.51,43.3,124.95
76.66,43.29,124.98
77.45,43.96,127.53
77.03,44.11,124.93
84.64,46.4,133
85.45,45.77,132.05
82.78,45.37,128.85
79.61,45.02,128.6
78.72,44.47,126.67
80.24,44.59,128.48
82.33,45.29,129.92
84.87,44.72,132.27
86.94,45.24,134.41
88.49,45.71,137.08
91.18,45.89,138.38
97.18,47.27,146.25
92.73,47.07,141.31
92.49,47.41,140.72
92.84,47.71,141.61
95.95,48.7,147.6
100.44,49.37,151.38
98.27,46.66,148.53
100.2,46.77,150.03
101.01,46.59,152.13
100.83,46.61,151.29
98.12,45.9,147.83
99.05,46.02,146.99
95.54,44.92,142.51
100.07,45.02,147.81
102.31,45.01,150.21
103.91,45.38,151.01
98.09,45.71,149.16
99.29,44.92,147.03
96.78,45.28,147.43
94.47,45.37,145.06
91.67,45.62,146.45
89.82,44.64,153.42
85.25,43.83,149.97
87.54,44.34,153.25
88.1,44.46,153.7
91.09,44.58,155.86
89.43,44.13,151.71
85.88,44.03,147.37
81.43,42.6,141.69
81.11,43.07,144.37
78.6,42.33,141.9
77.52,42.7,135.64
76.36,42.86,132.95
76.95,43.25,132.24
79.35,43.39,136.01
79.3,43.22,134.4
75.35,42.69,127.06
75.2,41.96,125.83
73.67,42.6,123.53
76.47,42.64,127.74
77.99,42.88,130.23
80.78,43.06,131.6
86.16,43.77,127.18
87.08,44.1,125.1
82.43,42.93,120.09
83.75,43.57,122.16
83.79,44.14,124.39
81.57,43.39,120.99
82.05,43.32,120.82
89.3,43.8,131.03
86.99,42.91,130.26
86.99,43.24,128.66
94.82,43.49,133.2
98.8,44.26,136.71
101.9,44.92,138.96
105.28,45.57,141.89
105.65,45.33,140.44
106.3,45.25,141.22
108.59,45.79,146.2
101.22,45.23,140.02
101.86,45.05,143.22
102.26,45.62,139.76
98.75,44.99,134.84
92.65,44,131.23
91.16,43.77,128.53
95.07,43.35,132.12
93.5,42.94,131.6
96.67,41.72,130.57
96.28,48.36,130.45
102.47,50.6,139.69
94.24,49,133.91
95.12,49.56,134.93
87.06,48.29,131.77
87.92,48.65,132.3
88.73,49.55,136.81
86.36,48.96,134.92
95.34,49.33,140.58
93.87,49.61,141.64
99.42,51.58,149.05
91.13,49.92,144.26
89.84,49.86,145.27
85.52,48.98,139.69
89.64,50.63,148.19
84.91,49.31,135.1
85.16,50.9,133.5
90.69,51.94,136.56
88.14,51.36,132.81
89.85,52.78,136.11
94.02,53.02,140.34
96.93,51.83,141.05
93.89,51.11,139.32
93.06,51.17,136.91
97.74,52.15,140.5
95.1,51.82,136.09
97.37,52.88,135.36
101,54.28,136.69
103.72,54.63,139.22
103.67,54.37,139.28
106.82,54.92,145.46
110.53,55.87,153.81
108.19,55.66,146.99
109.34,55.76,152.82
119.22,56.05,152.73
123.23,55.67,161.07
120.24,55.14,158.45
119.67,54.97,157.97
120.53,54.5,158.46
113.92,54.48,152.87
114.78,56.17,157.61
115.92,56,155.59
113.46,55.97,153.99
111.69,56.17,152.83
115.37,55.81,150.45
109.33,55.6,144.21
102.25,54.3,141.29
104.29,54.69,152.34
106.46,54.71,154.71
111.05,55.92,157.11
105.53,54.4,150.76
102.95,55.59,150.1
108.41,56.51,162.26
111.98,56.07,165.35
118.28,56.15,169.25
113.83,54.62,163.69
123.34,55.77,171.99
121.06,56.04,170.93
116.61,54.73,167.98
109.76,54.44,161.62
115.65,56.3,165.89
113.83,57.21,167.64
112.37,55.77,166.8
117.69,54.25,172.6
121.47,54.27,173
114.27,53.18,165.13
113.18,53.9,164.64
125.77,54.87,174.07
132.85,56.29,183.95
128.23,55.34,178.59
123.67,55.17,175.09
123.6,55.15,179.47
120.08,55.2,179.1
122.76,56.17,188.2
116.78,55.37,177.13
114.25,55.67,175.76
105.24,55.61,166.81
102.6,54.62,161.2
110.71,55.33,167
111.13,56.11,165.45
116.53,56.9,170.07
118.81,56.68,164.93
121.89,58.08,166.5
128.27,58.9,172.47
131.93,59.73,178.86
136.88,61.36,188.69
132.74,61.5,183.89
137.47,62.12,186.42
137.31,62.37,185.4
132,61.82,179.68
132,61.13,180.41
136.23,60.92,185.95
136.15,60.28,186.5
144.42,61.25,187.23
150.24,63.16,186.21
143.9,63.37,182.87
145.15,63.62,182.73
148.26,63.96,186.2
153.15,63.53,184.82
154.36,63.42,186.33
146.14,62.28,182.74
143.88,61.53,181.38
144.25,61.03,179.58
135.8,60.36,176.67
137.75,60.46,176.8
138.64,60.31,178.15
146.5,59.93,189.28
135.6,57.77,181.98
133.8,58.61,183.32
138.55,59.25,183.88
138.1,57.55,182.26
145.24,57.02,182.63
144.85,58.08,183.72
139.06,56.96,175.45
144.01,56.23,176.51
150.68,56.15,177.03
149.11,55.03,175.63
158.37,54.84,180.56
161.91,55.76,183.74
154.81,54.67,175.74
157.8,55.54,180.71
149.92,55.3,180.94
152.52,54.6,181.4
155.41,53.25,185
155.02,53.63,186.32
151.34,56.76,183.54
152.45,57,181.81
146.49,57.27,168.51
147.89,56.82,164.94
146.01,56.76,164.42
139.87,57.77,159.8
148.92,57.44,166.74
150.16,57,165.85
136.34,57.07,163.03
137.5,57.12,156.11
130.53,57.65,138.48
127.63,57.62,135.23
125.23,56.1,134.81
120.23,55.97,133.04
121.16,56.24,133.69
122.28,56.18,131.2
122.93,55.81,131.94
122.36,55.14,131.93
119.82,55.11,131.62
119.33,55.69,133.05
116.39,56.2,132.16
116.33,55.74,132.5
116.43,55.19,130.12
112.12,55.25,130.2
111.99,55.65,128.66
109.16,54.62,125.04
105.04,54.28,122.95
104.68,54.93,124.94
105.06,55.08,126.55
106.45,55.02,127.84
103.64,53.94,128.06
101.81,54.69,127.53
100.34,54.23,126.68
102.45,55.14,128.71
102.9,54.43,128.98
100.35,55.48,129.28
101.52,55.52,129.9
108.16,56.22,133.48
105.8,56.73,133.88
106.15,56.69,133.91
104.38,55.52,133.01
102.82,55.26,131.75
101.55,55.89,132.76
103.88,56.85,133.6
106.22,57.33,138.4
105.6,57.56,138.24
105.73,57.87,141.14
104.8,58.1,143.41
105.2,57.89,142.68
106.15,58.6,141.58
106.17,58.68,142.52
109.15,58.88,143.75
109.92,59.42,144.63
109.2,59.53,145.12
109.99,59.04,146.45
110.72,59.02,146.69
111.32,59.13,145.94
111.4,59.02,144.85
107.27,59.2,142.38
108.3,59.35,143.87
107.65,59.32,144.46
108.77,58.54,144.14
104.65,58.22,142.09
103.7,57.27,140.61
103.44,55.15,142.18
107.56,56.01,144.41
107.48,56.28,148.13
110.55,56.47,148.64
106.5,56.39,147.15
107.68,55.86,146.68
106.48,55.61,145.87
107.58,55.47,146.92
110.11,55.59,146.28
112.35,55.76,146.83
118.77,55.69,148.22
112.56,56.25,147.95
108.63,55.45,148.86
106.19,55.37,149.8
102.95,55.07,150.99
97.93,54.77,142.44
91.03,55.28,140.93
91.82,55.47,143.5
92.15,55.23,144.88
91.21,54.54,142.44
89.41,53.88,142.17
87.11,53.58,139.55
86.58,53.06,138.79
85.89,53.7,139.71
86.93,53.65,141.46
89.05,54.09,143.75
90.26,53.32,141.18
90.81,53.23,142.47
90.9,53.74,141.43
89.74,53.26,138.29
90.54,53.26,139.97
94.47,52.98,141.19
94.7,53.54,142.58
93.31,53.44,140.8
93.93,53,142.93
89.52,52.91,142.62
87.08,52.96,139.72
85.62,53.06,137.65
86.1,52.78,137.92
83.82,52.76,135.52
83.58,53.26,135.08
82.59,53.18,133.96
84.65,52.07,133
84.56,53.13,135.35
80.11,53.47,134.95
80.47,53.79,135.58
81.55,54.17,137.31
81.31,54.77,134.62
81.56,55.03,134.22
79.96,54.02,132.89
80.89,54.13,134.2
81.35,53.92,133.32
81.58,54.07,134.34
80.28,53.33,131.78
81.97,52.96,133.82
80.81,52.62,133.94
80.08,52.9,134.54
78.42,52.92,133.64
78.34,52.91,133.09
77.86,53.31,133.75
77.44,53.39,132.91
77.17,52.43,131.46
78.06,52.85,132.64
76.23,52.47,130.66
74.44,52.93,128.91
74.65,52.94,129.8
74.59,52.9,130.15
73.09,52.49,127.11
74.64,51.6,124.62
76.83,52.83,128.37
75.99,53.16,128.94
78.81,53.43,137.85
77.89,52.44,136
77.83,51.13,134.65
78.61,50.71,134.12
78.55,51.17,137.43
81.62,50.91,138.8
83.91,51.46,142.68
84.02,51.11,136.57
85.21,51.37,138.01
85.41,51.64,138.96
82.76,51.91,135.43
79.06,51.5,132.97
81.61,51.93,136.19
79.27,51.79,133.4
81.11,52.85,135.25
82.15,52.8,138.21
83.01,51.64,137.84
78.55,51.37,134.75
80.19,51.66,137.3
78.58,51.57,137.44
82.76,52.09,140.57
83.35,51.91,140.34
82.2,51.77,139.43
81.44,52.025,138.06
81.43,52.41,140.33
81.09,51.98,137.79
78.5,51.71,132.59
76,51.77,130.11
77.14,52.52,131.27
77.41,52.57,132.99
76.22,50.51,127.28
76.48,49.65,127.18
78.38,50.01,132.52
80.3,50.3,134.09
79.06,48.98,131.02
78.12,48.8,129.75
82.63,49.42,133.92
82.75,49.67,133.65
82.5,49.41,131.64
81.05,48.82,129.98
81.23,48.8,131.74
77.52,48.29,127.87
78.53,47.89,129.11
73.96,47.51,123.2
78.52,46.25,129.75
77.75,44.56,127.8
80.86,45.13,131.66
84.13,45.515,137.04
86.39,45.92,139.49
84.51,44.87,136.19
82.42,45.52,135.53
86.94,45.74,141.1
84.74,45.51,137.12
85.37,45.43,139.46
89.58,45.68,144.94
88.64,46.34,143.91
89.94,46.25,144.75
91.46,46.51,147.16
93.77,47.29,147.98
92.66,47.58,145.56
92.35,47.24,145.5
90.91,48.5,146.11
91.47,48.94,147.38
87.9,48.08,145.84
87.84,47.25,147.97
87.89,45.77,162.3
88.86,45.83,164.78
87.66,45.4,161.58
85.64,44.58,156.28
87.52,45.34,155.55
88.84,45.7,153.67
94.71,45.26,162.55
94.13,45.03,164.4
92.79,44.77,162.42
91.53,45.11,164.75
88.75,45.34,164.6
89.45,45.19,163.77
88.21,45.43,157.09
90.79,45.15,160.85
91.78,45.36,157.42
95.355,45.79,154.45
97.25,45.36,156.11
94.58,45.06,156.64
95.16,44.96,155.7
90.33,44.4,151.19
92.77,43.98,152.43
92.3,43.96,148.5
91.71,44.75,152.34
92.29,44.48,149.95
90.62,44.64,148.49
91.6,44.92,147.74
91.81,44.54,148.79
91.55,44.375,146.96
93.16,44.69,146.34
93.23,44.88,146.8
95.92,45.44,147.42
96.84,44.82,149.53
96.85,44.72,149.74
97.12,44.72,148.36
94.78,44.24,146.29
91.65,44.32,144.28
91.66,44.32,155.75
89.83,44.69,156.02
92.92,44.37,158.8
94.07,44.35,158.02
94.04,44.38,157.62
92.31,44.11,149.91
93.74,43.89,149.98
92.63,43.54,151.26
92.66,43.02,147.17
87.19,42.7,143.83
86.71,42.5,144.08
85.07,42.61,145.93
85.31,41.64,143.82
84.64,40.97,146.03
85.54,41.17,147.53
82.54,41.32,147.05
83.36,41.88,148.74
83.73,42.54,149.07
81.43,41.4,144.26
81.84,38.67,143.91
81.28,39.33,147.69
77.99,38.72,140.11
83.12,38.2,142.61
85.88,37.53,145.01
83,37.23,145.41
81.35,36.57,128.97
76.58,36.68,125.45
74.7,35.9,123.97
75.29,35.9,123.36
78.02,35.69,126.44
76.4,35.71,121.58
78.88,36.87,125.91
82.23,37.67,126.2
81.96,38.82,128.88
79.42,38.82,128.38
79.2,39.06,128.55
81.56,39.2,128.3
82,39.3,128.42
83.17,40.16,129.03
83.13,39.97,128.58
84.21,39.89,129.88
85.28,39.81,127.46
84.29,40.36,126.69
83.1,39.85,124.87
86.51,39.79,122.34
86.69,39.4,123.03
84.48,38.57,119.54
86.15,38.57,120.52
81.8,38.27,115.47
84.86,38.8,119.52
81.99,39.39,117.68
81.77,39.06,117.38
79.48,39.13,118.47
78.055,38.45,114.5
75.82,37.85,112.19
74.73,38.28,110.57
77.7,39.32,113.82
77.94,39.04,111.92
74.93,39.81,110.69
76.55,40.37,114.88
76.66,40.42,114.56
78.93,40.6,116.58
77.9,40.37,113.46
76.34,39.88,113.42
78.98,39.57,112.44
81.91,40.13,114.02
78.69,40,109.77
82.01,40.82,115.97
82.54,40.95,116.43
90.22,42.42,123.18
92.18,42.03,122.01
90.82,42.22,119.1
85.55,42.2,118.2
83.8,42.29,116.02
86.02,42.25,116.04
86.35,41.96,115.95
83.08,42.18,115.91
83.81,42.25,113
82.77,42.31,110.66
81.09,41.87,111.04
81.66,41.98,112.03
82.42,42.09,112.18
81.3,42.5,113.74
81.84,42.72,113.41
82.61,48.1,115.79
76.88,47.19,108.83
82.24,47.73,106.36
84.85,47.43,108.25
86.71,47.77,111.06
85.31,47.33,111.39
85.04,47.67,110.95
77.67,47.16,109.59
77.43,47.1,105.61
78.2,46.44,107.19
76.09,46.71,93.03
67.61,46.28,91.45
68.97,47.19,92.7
69.4,46.4,88.89
59.57,47.41,89.67
61.79,46.9,92.6
57,47.02,92.31
57.46,46.97,93.17
55.04,46.75,92.23
54.92,45.78,91.2
55.34,46.4,92.55
54.72,46.26,92.38
53.59,45.93,91.33
55.88,46.66,92.51
57.255,46.7,93.25
53.43,45.81,93.53
52.93,45.63,92.14
53.4,46.42,92.92
52.34,45.63,91.87
52.58,46.06,89.78
52.61,46.64,91.21
50.28,46.15,89.01
50.1,46.31,88.02
51.93,45.22,88.96
52.39,44.75,89.14
53.99,45.47,89.35
54.76,45.16,89.13
54.23,45.32,88.81
54.04,45.83,89.92
54.55,46.17,89.94
54.46,46.48,89.52
54.68,45.35,86.39
53.5,45.07,85.24
52.83,43.67,84.02
57.44,47.42,91.01
56.39,48.05,89.75
52.97,48.13,91.37
53.1,47.83,88.55
52.63,46.86,86.04
52.73,46.94,84.11
53.54,46.89,84.63
53.63,46.3,79.73
53.8,47.82,80.88
51.74,45.595,78.11
52.74,45.96,79.29
53.19,44.84,78.02
55.17,44.9,78.7
54.65,44.64,78
56.39,45.44,80.63
55.47,44.605,78.09
54.59,45.06,79.94
54.2,44.27,75.77
54.51,43.85,79.87
52.18,41.95,78
53.76,43.22,78.42
55.74,43.32,80.48
53.19,42.99,80.56
51.95,41.37,78.83
52.16,41.15,78.87
52.19,41.46,77.63
52.56,41.35,75.68
49.88,40.92,75.64
52.39,42.38,78.67
53.66,43.34,78.97
55.51,42.49,75.29
56.49,43.06,75.98
56.18,42.52,76.04
55.9,41.62,73.81
55.92,41.76,74.68
52.92,40.55,71.84
56.97,42.54,74.31
56.6,42.48,76.17
56.95,41.5,76.85
54.99,41.52,75.99
54.93,42.78,77.55
50.94,41.22,73.3
48.38,41.2,71.58
48.79,41.74,73.33
47.56,40.64,72.73
47.52,41.43,70.95
42.59,39.06,65.23
44.49,39.8,68.02
43.66,38.33,65.9
45.48,39.31,67.65
47.86,40.32,69.03
46.58,38.82,66.59
47.5,40.58,68.98
44.63,37.67,63.08
46.22,38.6,65.46
41.64,34.6,62.53
39.61,35.6,60.91
39.82,37.71,65
39.12,37.12,61.19
41.88,35.5,68.86
38.71,33.71,64.48
43.9,37.64,75.81
39.01,33.2,67.02
45.7,37.05,74.62
45.38,40.08,78.89
43.27,37.96,72.64
48.59,39.68,77.47
48.11,39.57,79.17
50.11,41.39,81.8
46.75,40.04,78.56
47.46,41.17,80.56
45.48,39.93,78.3
44.01,40.04,75.94
47.49,42.16,79.66
47.57,42.74,80.22
49.12,44,83.32
53.28,46.295,87.03
57.27,46.85,89.47
58.9,46.29,90.56
56.89,46.59,88.03
55.31,46.97,89.6
54.53,47.32,90.03
53.89,49.93,91.72
53.8,49.13,90
52.26,48.87,88.6
49.73,47.97,87.42
49.32,48.69,90.61
49.84,48.45,90.91
49.45,47.62,88.93
48.02,46.53,86.48
47,45.97,85.31
48.78,47.24,87.78
47.51,47.05,88.23
50.53,47.77,89.15
49.26,47.47,87.05
50.35,48.85,89.65
51.71,49,92
51.43,49.06,92.97
51.05,48.8,94.54
50.93,49.02,95.91
49.77,49.05,91.79
48.545,48.01,89.67
48.21,47.79,90.56
48.745,47.97,90.97
48.165,47.13,90.26
48.97,47.32,89.91
47.83,47.52,88.71
48.25,47.49,88.97
48.39,47.8,86.51
48.6,47.63,87.02
49.1,48.42,88.69
45.86,47.96,88.23
45.52,47.59,88.43
46.18,47.77,88.8
46.63,47.85,88.4
46.54,47.78,88.77
45.46,48.1,88.45
44.15,47.45,88.85
42.83,47.88,88.49
42.3,46.64,87.98
42.77,46.44,88.32
42.35,45.98,88.43
41.15,45.3,87.83
42.59,45.67,89.05
39.47,44.28,86.99
39.44,44.1,84.115
38.93,43.9,84.92
39.63,43.84,83.82
39.62,43.52,82.585
39.69,43.89,82.08
38.9,44.28,80.58
38.73,44.7,82.45
39.15,45.31,83.55
39.41,45.24,84.8
38.99,45.31,84.63
39.79,45.45,85.29
39.15,44.85,84.89
39.52,44.84,85.11
40.98,45.08,85.62
41.29,45.47,87.96
39.88,45.15,90.48
38.56,45.09,90.81
38.35,44.91,90.48
37.52,48.46,90.47
36.71,48.37,90.97
36.31,48.1,91.84
36.29,48.83,94.03
36.28,48.42,89.98
35.93,48.27,84.63
36.15,47.76,85.46
36.29,47.48,85.09
34.89,47.03,83.58
33.93,47.51,80.44
33.13,47.56,81.44
33.03,47.24,81.66
33.69,47.17,83.05
32.71,46.9,80.17
31.72,46.41,78.99
31.36,47.05,77.24
31.51,47.55,78.47
32.03,47.39,78.98
30.97,46.71,77.68
31.14,47.03,78.97
30.81,46.79,78.23
30.72,46.36,77.82
30.53,46.05,76.3
29.75,46.56,76.7
28.38,46.15,74.97
28.46,46.84,74.35
28.23,46.39,72.85
28.93,47.77,76.34
29.01,47.52,77.49
28.68,47.06,75.73
28.31,46.56,73.99
28.76,47.74,75.47
28.99,49.41,76.28
28.72,48.84,76.63
29.47,48.83,77.35
29.54,49.605,77.26
29.52,49.12,75.23
30.64,49.42,77.24
30.05,49.6,76.44
30.29,49.19,78.23
30.42,49.34,78.9
30.99,49.41,78.69
30.83,49.96,78.04
30.69,50.03,78.41
30.21,49.93,79.08
29.76,50.03,79.9
30.23,49.21,78.71
30.5,48.58,78.21
30.56,48.84,78.84
31.5,48.42,78.99
30.95,47.32,77.09
30.9,46.5,75.12
31.45,46.81,77.77
31.45,47.27,76.45
30.78,46.87,74.35
30.2,46.79,73.97
30.28,47.1,72.91
29.54,46.61,73.52
31.9,48.18,77.15
31.7,48.77,76.7
30.72,47.93,76.07
31.48,48.5,74.87
31.18,46.96,73.28
29.67,46.25,71.16
30.24,50.61,70.88
32.11,52.72,72.18
32.43,51.54,69.8
34.19,52.43,71.5
33.92,53.16,71.26
29.19,52.34,69.4
28.86,52.6,68.17
27.99,51.37,68.8
29.44,53.25,71.15
29.86,55.39,71.2
30.45,55.4,73.16
33.87,56.47,74.81
33.48,56.93,74.97
34.02,56.53,75.22
33.67,56.62,75.35
34.11,57.23,75.87
33.49,57.71,74.12
32.85,57.73,75.95
32.51,57.36,75
33,57.74,74.37
33.6,57.21,75.76
33.85,57.62,75.67
34.39,58.05,75.43
33.21,57.95,74.9
33.06,57.3,73.71
33.79,57.13,74.36
33.15,56.34,76.55
32.04,56.19,76.63
31.5,56.6,76.66
31.19,56.48,76.63
31.24,55.81,77.01
31.2,54.74,77.52
30.37,54.73,76.07
30.74,55.73,75.43
29.92,56.6,74.95
28.86,56.08,72.55
29.26,57.18,73.16
29.1,57.03,72.72
30.01,57.41,72.74
30.5,56.13,71.8
30.45,56.05,71.96
29.2,55.4,69.11
30.36,54.75,68.72
31.39,56.17,69.93
32.18,55.86,69.59
32.41,57.11,71.24
33.23,56.42,70.54
32.41,55.93,68.69
31.82,55.1,67.59
29.5,54.75,67.02
29.57,53.23,68.45
27.58,51.78,66.66
27.41,52.03,66.82
28.03,53.57,66.59
28.09,53.18,65.76
29.03,53.93,65.37
26.44,54.37,66.21
26.36,54.19,68.255
27.41,55.69,69.31
27.35,56.52,77.75
26.68,56.01,76.62
27.5,56.35,81.5
28.01,55.93,82.81
27.58,52.44,86.26
27.32,52.02,86.13
26.24,51.3,83.89
27.96,53.36,85.84
27.21,52.92,83.78
27.09,53.47,84.54
26.66,53.45,85.2
27.42,54.59,88.25
28.22,54.94,89.29
28.29,54.94,87.14
26.81,55.58,86.37
27.63,55.95,86.13
27.69,56.13,87.25
27.88,55.88,86.64
27.66,56.33,85.07
28.46,56.88,86.83
27.97,56.69,86.72
28.18,56.34,81.97
27.68,56.4,79.89
27.49,56.31,79.08
27.93,56.95,70.45
27.33,56.56,57.18
27.85,56.29,56.95
27.79,55.6,55.9
27.83,55.82,56.33
27.24,55.18,57.44
28.53,55.49,57.76
28.98,55.21,57.99
29.09,55.14,57.86
29.02,55.63,57.68
26.75,55.29,58.09
26.36,54.98,57.81
25.52,53.99,57.03
25.06,53.36,56.55
24.89,53.14,56.91
25.69,53.23,58
25.97,52.73,56.64
26.37,52.74,56.82
27.89,53.94,57.77
25.7,53.26,57.16
26,53.31,56.97
23.25,53.51,56.83
23.29,53.2,56.6
22.82,52.74,55.4
23.38,52.59,55.39
23.49,52.15,54.84
22.96,51.92,54.35
22.01,51.07,53.53
22.08,51.29,54.03
22.41,51.67,54.8
23.5,51.3,53.94
23.37,51.16,53.78
23.68,51.41,54.2
23.53,51.77,53.39
23.48,51.59,53.04
24.21,51.18,53.03
24.71,50.79,52.99
24.36,50.11,53.12
23.92,49.41,52.35
23.95,49.63,52.45
23.95,49.65,52.01
23.68,49.43,51.98
23.13,48.4,51.57
22.85,47.5,51.59
22.82,47.89,51.66
22.96,47.58,50.83
23.05,47.19,50.29
22.67,46.7,50.55
23.26,47.48,51.1
23.31,47.26,50.73
24.13,47.35,49.69
24.51,47.34,49.61
24.41,47.29,49.52
23.09,46.71,50.17
19.25,45.96,49.4
20.18,45.75,50.64
21.93,46.13,51.3
20.85,45.61,50.81
19.8,45.46,51.77
19.76,44.78,54.29
20.77,45.03,55.27
20.25,44.21,54.77
19.73,43.96,55.27
20.38,44.02,55.73
20.23,43.21,57.3
20.27,43.49,57.5
19.74,43.24,56.8
20.19,43.32,56.61
20.75,43.56,55.95
20.57,43.21,56.44
19,42.92,56.6
17.05,41.07,55.7
18.83,42.95,57.4
18.46,43.33,56.91
17.82,42.77,56.81
17.49,42.91,56.09
17.9,42.47,55.96
16.65,40.28,53.65
16.93,41.85,54.85
17.94,42.49,56.37
18.16,43.14,56.69
19.5,44.06,57.78
18.83,44.2,57
19.9,45.82,57.62
19.86,47.47,58.09
20.48,47.42,57.72
19.98,47.09,57.35
19.99,46.86,57.24
19.46,46.44,55.99
21.3,48.39,57.11
21.12,47.35,57.73
23.71,48.74,59.14
21.3,47.87,58.26
21.43,47.34,58.11
21.34,47.29,56.65
21.05,46.12,55.57
20.08,45.57,55.73
19.38,44.54,55.25
18.73,44.89,55.27
19.21,44.49,54.92